Bank,Quarter,Actual Rate of Return,Return on Equity %,Net Income Margin %,Revenue Growth (past 1 year)%,Common Equity Growth (past 1 year)%,Debt/Equity,Market Cap/LTM Total Revenue,P/LTM Normalized EPS,P/BV,Repo rate %,Inflation rate %,NIFTY Bank Index
HDFC,Jun-13,-0.0195,23.2,35.5,24.4,21.3,0.11,7.4,25.55,4.32,6.75,10.06,-0.0688
HDFC,Sep-13,-0.0180,16.31,29.98,19.86,13.06,1.81,7.66,23.42,3.76,7.25,11.06,0.0628
HDFC,Dec-13,-0.0188,14.45,29.98,19.86,13.06,1.81,7.70,22.63,4.46,7.50,9.84,0.0207
HDFC,Mar-14,0.1957,23.09,37.35,18.55,20.53,1.12,8.20,24.03,4.74,7.75,8.60,0.1837
HDFC,Jun-14,0.1410,23.99,37.35,18.55,20.53,1.12,8.96,26.21,5.17,8.00,8.20,0.0303
HDFC,Sep-14,0.0384,16.90,30.98,20.52,20.35,1.05,9.14,25.80,4.30,8.00,6.80,-0.0221
HDFC,Dec-14,0.0429,14.97,30.98,20.52,20.35,1.05,8.74,24.48,4.24,8.00,5.60,0.0121
HDFC,Mar-15,-0.0476,21.21,38.08,18.45,42.99,0.94,8.78,24.51,4.24,8.00,4.30,-0.0754
HDFC,Jun-15,0.0734,20.22,38.08,18.45,42.99,0.94,8.91,24.82,4.29,7.50,5.30,-0.0227
HDFC,Sep-15,-0.0328,14.69,30.89,22.36,38.61,0.96,8.02,23.09,3.39,7.25,5.40,0.0041
HDFC,Dec-15,-0.0156,13.18,30.89,22.36,38.61,0.96,7.99,23.42,4.00,6.75,4.40,-0.0292
HDFC,Mar-16,0.0181,19.65,37.11,21.35,17.66,1.39,8.68,25.34,4.33,6.75,5.60,0.1574
HDFC,Jun-16,0.0421,20.33,37.11,21.35,17.66,1.39,8.25,24.01,4.10,6.75,4.80,0.0178
HDFC,Sep-16,0.0279,14.63,30.94,17.66,19.05,1.16,9.16,26.88,3.88,6.50,5.80,-0.0254
HDFC,Dec-16,-0.0394,13.06,30.94,17.66,19.05,1.16,9.64,27.98,4.61,6.50,4.40,-0.0242
HDFC,Mar-17,0.1238,19.41,37.46,18.54,23.54,1.07,10.58,30.58,5.04,6.25,3.40,0.0406
HDFC,Jun-17,0.0686,19.70,37.46,18.54,23.54,1.07,10.99,31.71,5.23,6.25,3.90,-0.0091
HDFC,Sep-17,0.0119,15.76,33.69,18.10,15.87,1.46,10.25,28.85,4.44,6.25,1.50,-0.0109
HDFC,Dec-17,0.0355,14.48,33.69,18.10,15.87,1.46,10.48,29.80,4.99,6.00,3.30,0.0082
HDFC,Mar-18,-0.0574,19.29,36.68,19.30,19.40,1.42,10.40,28.35,4.75,6.00,5.20,-0.0336
HDFC,Jun-18,0.0844,19.28,36.68,19.30,19.40,1.42,11.02,30.00,5.03,6.00,4.30,-0.0220
HDFC,Sep-18,-0.0779,17.53,34.95,16.65,-0.10,1.42,11.25,29.78,4.32,6.25,4.90,-0.1048
HDFC,Dec-18,0.1129,16.42,38.74,15.00,33.02,1.46,10.77,29.62,4.33,6.50,3.70,0.0111
HDFC,Mar-19,0.1179,16.42,36.42,12.50,33.02,1.46,10.38,28.98,4.18,6.50,2.10,0.1358
ICICI,Jun-13,-0.0868,16.55,19.7,2.6,12.2,2.45,2.89,15.94,1.84,6.75,10.06,-0.0688
ICICI,Sep-13,-0.0210,16.55,25.92,4.80,11.20,2.45,3.28,12.70,2.09,7.25,11.06,0.0628
ICICI,Dec-13,-0.0179,16.55,24.35,4.75,11.52,2.45,3.49,14.20,2.14,7.50,9.84,0.0207
ICICI,Mar-14,0.2679,15.72,23.85,4.66,11.15,2.34,3.47,13.73,2.14,7.75,8.60,0.1837
ICICI,Jun-14,0.1425,14.90,20.60,4.66,11.15,2.34,4.10,15.36,2.47,8.00,8.20,0.0303
ICICI,Sep-14,-0.0192,14.90,24.72,8.10,15.55,2.16,3.55,12.62,2.47,8.00,6.80,-0.0221
ICICI,Dec-14,0.0841,15.56,23.24,18.99,15.55,2.16,3.35,12.21,2.11,8.00,5.60,0.0121
ICICI,Mar-15,-0.1267,15.99,23.98,13.09,10.83,2.17,2.86,11.97,1.79,8.00,4.30,-0.0754
ICICI,Jun-15,-0.0678,14.81,20.43,14.14,10.83,2.42,2.65,11.13,1.79,7.50,5.30,-0.0227
ICICI,Sep-15,-0.0957,15.35,24.72,14.14,10.51,2.24,2.38,9.76,1.49,7.25,5.40,0.0041
ICICI,Dec-15,-0.0567,15.68,21.90,18.40,10.20,2.17,2.54,10.31,1.49,6.75,4.40,-0.0292
ICICI,Mar-16,0.0254,13.88,22.30,2.80,9.64,2.27,2.67,10.31,1.49,6.75,5.60,0.1574
ICICI,Jun-16,0.0200,2.47,3.28,-17.82,11.10,2.26,2.49,12.83,1.64,6.75,4.80,0.0178
ICICI,Sep-16,-0.0453,11.09,19.40,-0.80,10.15,2.21,2.61,15.05,1.78,6.50,5.80,-0.0254
ICICI,Dec-16,-0.0742,12.68,15.05,26.78,9.23,2.10,3.00,17.44,1.78,6.50,4.40,-0.0242
ICICI,Mar-17,0.0366,11.24,13.73,35.89,8.20,1.88,2.76,19.83,1.80,6.25,3.40,0.0406
ICICI,Jun-17,0.1510,8.88,27.84,-39.72,11.18,1.72,3.08,17.69,1.70,6.25,3.90,-0.0091
ICICI,Sep-17,-0.0859,10.66,16.90,18.81,9.48,1.68,2.72,13.11,1.60,6.25,1.50,-0.0109
ICICI,Dec-17,0.0463,8.57,12.06,-13.26,8.52,1.75,2.65,13.11,1.60,6.00,3.30,0.0082
ICICI,Mar-18,-0.2265,7.94,11.67,-14.68,7.89,1.76,3.02,21.05,1.62,6.00,5.20,-0.0336
ICICI,Jun-18,-0.0359,5.06,6.37,139.66,5.73,1.97,3.51,21.05,2.04,6.00,4.30,-0.0220
ICICI,Sep-18,0.0067,1.12,0.04,-10.88,4.61,1.80,3.75,19.68,2.46,6.25,4.90,-0.1048
ICICI,Dec-18,0.0183,5.47,6.57,6.79,2.66,1.90,3.94,18.30,2.46,6.50,3.70,0.0111
ICICI,Mar-19,0.1015,7.56,9.91,16.50,2.48,1.80,3.63,18.30,2.39,6.50,2.10,0.1358
IDFC,Jun-13,-0.1566,15.8,57.9,41.3,11.4,3.96,4.77,9.38,1.13,6.75,10.06,-0.0688
IDFC,Sep-13,-0.1872,16.37,58.19,43.45,11.37,3.96,5.26,10.34,1.26,7.25,11.06,0.0628
IDFC,Dec-13,0.0449,13.81,58.08,2.41,12.15,3.67,6.63,12.97,1.36,7.50,9.84,0.0207
IDFC,Mar-14,0.3085,13.71,61.35,4.79,12.15,3.67,7.78,14.37,1.38,7.75,8.60,0.1837
IDFC,Jun-14,0.2181,7.16,48.14,-40.98,9.92,3.76,9.00,17.22,1.48,8.00,8.20,0.0303
IDFC,Sep-14,-0.1057,12.91,78.69,-36.07,9.92,3.76,9.52,18.97,1.57,8.00,6.80,-0.0221
IDFC,Dec-14,0.0080,10.63,51.61,-2.57,14.87,3.60,7.92,16.12,1.36,8.00,5.60,0.0121
IDFC,Mar-15,-0.0299,10.02,51.34,0.62,14.87,3.60,6.92,17.47,1.30,8.00,4.30,-0.0754
IDFC,Jun-15,-0.1233,9.09,39.11,82.43,14.87,3.84,2.38,6.41,0.48,7.50,5.30,-0.0227
IDFC,Sep-15,-0.0553,6.03,39.67,4.68,14.87,3.84,2.04,6.80,0.40,7.25,5.40,0.0041
IDFC,Dec-15,-0.1818,-34.96,-183.87,-2.16,-5.11,3.68,2.65,10.41,0.76,6.75,4.40,-0.0292
IDFC,Mar-16,-0.0025,7.31,23.43,-8.42,-5.11,3.68,3.10,16.10,1.06,6.75,5.60,0.1574
IDFC,Jun-16,0.0762,6.06,13.45,-0.79,-41.49,3.96,2.30,15.49,0.81,6.75,4.80,0.0178
IDFC,Sep-16,0.2367,7.53,21.36,32.35,-41.49,3.40,2.31,17.47,0.83,6.50,5.80,-0.0254
IDFC,Dec-16,-0.2260,11.66,26.45,33.39,-34.25,4.99,2.37,16.37,0.82,6.50,4.40,-0.0242
IDFC,Mar-17,-0.0091,4.50,12.74,5.68,-34.25,4.99,2.26,15.14,0.87,6.25,3.40,0.0406
IDFC,Jun-17,-0.1199,5.16,14.04,-0.98,7.04,5.30,2.50,17.19,0.90,6.25,3.90,-0.0091
IDFC,Sep-17,0.0043,11.55,23.50,50.24,7.04,5.30,1.92,12.90,0.69,6.25,1.50,-0.0109
IDFC,Dec-17,-0.0008,6.56,19.30,-12.10,6.09,5.18,2.03,17.11,0.65,6.00,3.30,0.0082
IDFC,Mar-18,-0.1295,3.76,12.72,6.69,6.09,5.18,1.74,14.67,0.56,6.00,5.20,-0.0336
IDFC,Jun-18,-0.2121,-0.39,0.25,-36.24,4.65,5.88,1.90,16.02,0.61,6.00,4.30,-0.0220
IDFC,Sep-18,-0.1551,3.78,43.14,-91.49,4.65,5.37,2.04,17.17,0.65,6.25,4.90,-0.1048
IDFC,Dec-18,0.1766,6.42,55.16,-76.69,-1.82,5.37,15.80,17.17,0.54,6.50,3.70,0.0111
IDFC,Mar-19,0.1970,6.42,55.16,-76.69,-8.29,5.37,15.19,16.03,0.54,6.50,2.10,0.1358
Kotak,Jun-13,0.0330,18.4,24.2,-12.2,18,2.34,5.67,24.95,3.13,6.75,10.06,-0.0688
Kotak,Sep-13,0.0430,16.69,24.41,32.30,18.02,2.34,5.91,26.44,3.34,7.25,11.06,0.0628
Kotak,Dec-13,-0.0280,14.15,28.52,-19.07,27.97,1.67,6.41,30.08,3.57,7.50,9.84,0.0207
Kotak,Mar-14,0.1858,13.40,21.38,9.82,27.97,1.67,6.84,33.59,4.09,7.75,8.60,0.1837
Kotak,Jun-14,0.1013,14.52,20.30,18.55,25.00,1.50,7.76,39.75,4.74,8.00,8.20,0.0303
Kotak,Sep-14,0.0558,14.70,20.82,30.47,25.00,1.50,7.65,39.39,4.93,8.00,6.80,-0.0221
Kotak,Dec-14,0.1199,14.55,22.60,55.47,14.97,1.35,8.86,38.19,4.84,8.00,5.60,0.0121
Kotak,Mar-15,-0.0006,14.00,20.70,25.19,14.97,1.35,8.35,39.95,4.52,8.00,4.30,-0.0754
Kotak,Jun-15,0.0403,17.21,21.20,31.78,16.10,1.40,8.86,36.68,3.98,7.50,5.30,-0.0227
Kotak,Sep-15,-0.0628,9.49,15.73,-2.08,16.10,1.40,8.16,33.91,3.78,7.25,5.40,0.0041
Kotak,Dec-15,0.0383,14.09,24.70,20.04,52.41,1.34,8.80,44.66,4.20,6.75,4.40,-0.0292
Kotak,Mar-16,-0.0035,12.12,24.15,13.04,52.41,1.34,8.23,38.92,4.28,6.75,5.60,0.1574
Kotak,Jun-16,0.0676,13.14,21.51,13.94,50.58,1.30,7.00,38.25,3.70,6.75,4.80,0.0178
Kotak,Sep-16,0.0354,12.86,22.47,44.60,50.58,1.30,8.23,43.27,4.49,6.50,5.80,-0.0254
Kotak,Dec-16,-0.1192,13.95,22.57,39.68,13.90,1.24,8.43,38.64,4.57,6.50,4.40,-0.0242
Kotak,Mar-17,0.1391,14.22,27.94,15.83,13.90,1.24,8.56,38.60,4.79,6.25,3.40,0.0406
Kotak,Jun-17,0.0598,15.24,20.16,42.02,15.37,1.28,8.41,37.48,4.09,6.25,3.90,-0.0091
Kotak,Sep-17,-0.0175,14.10,24.72,14.71,15.37,1.28,7.99,36.79,4.25,6.25,1.50,-0.0109
Kotak,Dec-17,-0.0210,13.57,24.39,10.87,31.62,1.22,10.10,44.41,5.06,6.00,3.30,0.0082
Kotak,Mar-18,-0.0583,13.71,24.31,47.41,31.62,1.22,8.46,36.62,4.32,6.00,5.20,-0.0336
Kotak,Jun-18,0.1226,14.61,24.56,4.56,31.16,1.16,8.93,38.09,4.36,6.00,4.30,-0.0220
Kotak,Sep-18,-0.1637,12.47,26.66,8.41,31.16,1.16,9.33,39.60,4.68,6.25,4.90,-0.1048
Kotak,Dec-18,0.1191,13.33,26.09,13.38,15.70,1.22,9.48,42.31,4.88,6.50,3.70,0.0111
Kotak,Mar-19,0.0658,13.57,24.86,11.01,15.70,1.22,9.98,44.73,5.43,6.50,2.10,0.1358
Karnataka Bank,Jun-13,-0.2444,9.5,22.7,27.1,10,0.55,1.74,7.53,0.7,6.75,10.06,-0.0688
Karnataka Bank,Sep-13,0.0290,13.20,24.58,47.28,9.96,0.55,1.76,7.74,0.74,7.25,11.06,0.0628
Karnataka Bank,Dec-13,0.1051,3.97,11.79,-17.24,6.49,0.72,2.06,10.34,0.86,7.50,9.84,0.0207
Karnataka Bank,Mar-14,0.2324,14.32,32.44,18.76,6.49,0.72,1.70,9.57,0.70,7.75,8.60,0.1837
Karnataka Bank,Jun-14,0.1568,10.77,24.95,9.87,6.83,0.63,2.08,11.31,0.85,8.00,8.20,0.0303
Karnataka Bank,Sep-14,-0.1095,15.94,34.56,-8.14,6.83,0.63,1.70,10.26,0.72,8.00,6.80,-0.0221
Karnataka Bank,Dec-14,0.1780,11.21,27.96,28.81,9.46,0.43,1.87,7.81,0.81,8.00,5.60,0.0121
Karnataka Bank,Mar-15,-0.1277,13.11,27.71,17.34,9.46,0.43,1.65,6.93,0.70,8.00,4.30,-0.0754
Karnataka Bank,Jun-15,0.1563,16.17,32.99,25.18,11.04,0.31,1.52,6.11,0.64,7.50,5.30,-0.0227
Karnataka Bank,Sep-15,-0.0986,12.90,34.09,-8.87,11.04,0.31,1.28,4.91,0.54,7.25,5.40,0.0041
Karnataka Bank,Dec-15,-0.0466,11.70,26.03,24.16,10.37,0.32,1.75,8.04,0.72,6.75,4.40,-0.0292
Karnataka Bank,Mar-16,0.0380,10.77,25.87,-2.97,10.37,0.32,1.74,8.35,0.75,6.75,5.60,0.1574
Karnataka Bank,Jun-16,0.2750,11.72,25.59,2.39,8.90,0.28,1.92,6.78,0.54,6.75,4.80,0.0178
Karnataka Bank,Sep-16,0.0072,12.96,30.49,24.29,12.48,0.25,2.36,9.94,0.67,6.50,5.80,-0.0254
Karnataka Bank,Dec-16,-0.0607,12.78,27.13,16.18,9.31,0.26,2.60,13.01,0.90,6.50,4.40,-0.0242
Karnataka Bank,Mar-17,0.2374,6.96,16.73,9.33,9.31,0.26,2.21,12.84,0.78,6.25,3.40,0.0406
Karnataka Bank,Jun-17,-0.0012,12.19,27.48,20.66,39.34,0.16,2.36,13.85,0.81,6.25,3.90,-0.0091
Karnataka Bank,Sep-17,-0.0789,10.41,30.22,11.10,34.90,0.16,1.75,10.04,0.61,6.25,1.50,-0.0109
Karnataka Bank,Dec-17,-0.0556,7.16,20.21,1.24,34.40,0.20,1.88,15.99,0.57,6.00,3.30,0.0082
Karnataka Bank,Mar-18,-0.2385,6.61,19.43,9.82,34.40,0.20,1.65,12.70,0.51,6.00,5.20,-0.0336
Karnataka Bank,Jun-18,-0.1017,0.82,3.74,-41.55,5.20,0.15,1.90,13.79,0.57,6.00,4.30,-0.0220
Karnataka Bank,Sep-18,-0.1381,12.07,35.85,2.80,5.20,0.15,2.09,13.22,0.68,6.25,4.90,-0.1048
Karnataka Bank,Dec-18,0.0852,8.14,23.52,2.95,5.54,0.50,1.42,7.73,0.51,6.50,3.70,0.0111
Karnataka Bank,Mar-19,0.1185,10.06,24.19,29.05,5.54,0.50,1.00,5.61,0.37,6.50,2.10,0.1358
Kaurvyasa Bank,Jun-13,-0.0752,20.9,41.8,3.7,13.9,1.3,2.68,12.27,1.13,6.75,10.06,-0.0688
Kaurvyasa Bank,Sep-13,-0.1732,15.60,32.02,2.02,13.92,1.30,2.87,14.59,1.22,7.25,11.06,0.0628
Kaurvyasa Bank,Dec-13,0.0227,10.38,28.97,-26.90,10.54,0.78,3.54,20.31,1.50,7.50,9.84,0.0207
Kaurvyasa Bank,Mar-14,0.1557,12.94,29.67,3.26,10.54,0.78,4.57,24.97,1.65,7.75,8.60,0.1837
Kaurvyasa Bank,Jun-14,0.2020,14.43,31.14,1.23,7.82,0.99,4.64,23.79,1.57,8.00,8.20,0.0303
Kaurvyasa Bank,Sep-14,0.0904,14.41,32.85,-1.09,11.87,0.61,4.22,19.63,1.49,8.00,6.80,-0.0221
Kaurvyasa Bank,Dec-14,0.0597,9.51,23.80,32.91,26.12,0.90,3.77,19.55,1.39,8.00,5.60,0.0121
Kaurvyasa Bank,Mar-15,-0.0789,10.94,26.36,19.99,26.12,0.90,3.28,16.73,1.28,8.00,4.30,-0.0754
Kaurvyasa Bank,Jun-15,0.0143,13.11,36.05,-0.44,27.65,0.68,3.32,15.03,1.32,7.50,5.30,-0.0227
Kaurvyasa Bank,Sep-15,-0.0603,12.68,28.78,25.85,23.02,0.68,2.81,12.20,1.18,7.25,5.40,0.0041
Kaurvyasa Bank,Dec-15,0.1650,12.97,27.50,35.99,8.78,0.73,2.79,10.62,1.32,6.75,4.40,-0.0292
Kaurvyasa Bank,Mar-16,-0.0296,13.50,28.93,22.26,8.78,0.73,2.52,9.64,1.25,6.75,5.60,0.1574
Kaurvyasa Bank,Jun-16,0.0365,12.13,23.64,52.68,7.70,0.63,2.12,8.66,1.02,6.75,4.80,0.0178
Kaurvyasa Bank,Sep-16,-0.0122,12.80,33.00,-5.15,7.70,0.63,2.83,12.62,1.40,6.50,5.80,-0.0254
Kaurvyasa Bank,Dec-16,-0.1449,10.68,21.28,14.79,7.91,0.30,4.07,15.97,1.75,6.50,4.40,-0.0242
Kaurvyasa Bank,Mar-17,0.3473,9.47,19.51,12.34,7.91,0.30,4.05,15.91,1.74,6.25,3.40,0.0406
Kaurvyasa Bank,Jun-17,0.2109,17.54,53.73,-30.64,10.12,0.34,4.27,15.47,1.45,6.25,3.90,-0.0091
Kaurvyasa Bank,Sep-17,0.0282,11.51,31.25,6.74,14.74,0.22,3.54,14.75,1.17,6.25,1.50,-0.0109
Kaurvyasa Bank,Dec-17,-0.0150,5.76,16.31,-21.87,7.49,0.13,3.92,22.87,1.27,6.00,3.30,0.0082
Kaurvyasa Bank,Mar-18,-0.0870,5.44,15.48,-22.18,7.49,0.13,3.45,30.42,0.99,6.00,5.20,-0.0336
Kaurvyasa Bank,Jun-18,-0.0450,3.51,11.06,12.96,24.40,0.38,3.73,30.65,1.10,6.00,4.30,-0.0220
Kaurvyasa Bank,Sep-18,-0.1732,2.93,11.04,-12.17,19.39,0.38,3.07,31.39,0.90,6.25,4.90,-0.1048
Kaurvyasa Bank,Dec-18,0.1097,5.31,15.46,16.77,20.70,0.30,2.92,28.06,0.88,6.50,3.70,0.0111
Kaurvyasa Bank,Mar-19,-0.1814,1.34,4.81,-4.65,20.70,0.30,2.33,19.06,0.74,6.50,2.10,0.1358
Southindian bank,Jun-13,-0.0356,15.28,34.4,19.8,38.51,0.43,1.87,6.68,0.88,6.75,10.06,-0.0688
Southindian bank,Sep-13,-0.1141,15.28,33.78,-1.85,38.51,0.43,1.95,7.32,0.92,7.25,11.06,0.0628
Southindian bank,Dec-13,-0.0377,16.21,31.23,17.01,38.51,0.75,2.64,9.36,1.26,7.50,9.84,0.0207
Southindian bank,Mar-14,0.1100,17.40,32.63,16.17,25.31,0.75,2.14,7.92,1.04,7.75,8.60,0.1837
Southindian bank,Jun-14,0.3870,15.06,28.78,21.27,12.11,0.81,2.41,9.73,1.07,8.00,8.20,0.0303
Southindian bank,Sep-14,-0.1372,15.03,34.47,8.07,12.11,0.81,2.20,9.87,0.95,8.00,6.80,-0.0221
Southindian bank,Dec-14,0.0072,8.79,21.42,-12.21,9.91,0.60,2.21,10.98,0.89,8.00,5.60,0.0121
Southindian bank,Mar-15,-0.0848,9.85,22.30,-8.95,9.91,0.60,2.11,11.08,0.85,8.00,4.30,-0.0754
Southindian bank,Jun-15,-0.0165,1.82,4.93,-23.49,6.57,0.62,1.71,8.87,0.70,7.50,5.30,-0.0227
Southindian bank,Sep-15,0.0022,7.27,17.90,-0.75,6.57,0.62,1.49,7.67,0.63,7.25,5.40,0.0041
Southindian bank,Dec-15,-0.0512,10.17,21.12,24.09,5.08,0.58,1.60,8.33,0.69,6.75,4.40,-0.0292
Southindian bank,Mar-16,-0.0486,10.17,32.75,-21.29,5.08,0.58,1.71,8.52,0.77,6.75,5.60,0.1574
Southindian bank,Jun-16,0.0740,9.89,13.50,63.13,7.07,0.68,1.51,7.31,0.63,6.75,4.80,0.0178
Southindian bank,Sep-16,0.0329,9.89,21.96,18.73,7.07,0.60,2.22,8.19,0.68,6.50,5.80,-0.0254
Southindian bank,Dec-16,-0.1702,11.04,23.88,4.67,11.05,0.36,2.82,11.15,1.03,6.50,4.40,-0.0242
Southindian bank,Mar-17,0.1421,10.55,36.92,-2.80,11.05,0.52,2.83,11.76,1.05,6.25,3.40,0.0406
Southindian bank,Jun-17,0.0895,6.62,13.04,7.19,26.08,0.40,3.36,19.15,1.35,6.25,3.90,-0.0091
Southindian bank,Sep-17,-0.0646,8.37,22.27,5.25,26.08,0.40,2.41,14.00,0.99,6.25,1.50,-0.0109
Southindian bank,Dec-17,0.0392,0.35,1.31,-28.69,19.55,0.42,2.21,12.90,0.77,6.00,3.30,0.0082
Southindian bank,Mar-18,-0.2235,9.24,22.38,70.38,16.37,0.42,1.35,9.91,0.46,6.00,5.20,-0.0336
Southindian bank,Jun-18,-0.1604,8.93,21.85,-9.85,8.14,0.77,1.46,9.31,0.53,6.00,4.30,-0.0220
Southindian bank,Sep-18,-0.2787,1.76,5.64,-10.33,8.14,0.77,1.58,10.99,0.57,6.25,4.90,-0.1048
Southindian bank,Dec-18,0.0859,5.35,15.26,39.29,5.44,0.65,1.25,9.90,0.44,6.50,3.70,0.0111
Southindian bank,Mar-19,0.2538,6.39,16.66,-2.07,5.44,0.65,0.99,6.95,0.37,6.50,2.10,0.1358
GIC Housing Finance,Jun-13,-0.0757,12.2,71.6,38.4,10.8,7.21,3.31,7.54,0.93,6.75,10.06,-0.0688
GIC Housing Finance,Sep-13,-0.0155,17.60,48.60,19.40,10.80,7.21,3.36,7.82,0.98,7.25,11.06,0.0628
GIC Housing Finance,Dec-13,0.0502,17.20,48.00,17.80,10.60,6.27,4.55,11.22,1.53,7.50,9.84,0.0207
GIC Housing Finance,Mar-14,0.1036,15.80,47.60,10.80,10.60,6.27,4.06,9.75,1.38,7.75,8.60,0.1837
GIC Housing Finance,Jun-14,0.5097,16.50,83.80,27.60,10.80,7.62,6.20,12.83,1.74,8.00,8.20,0.0303
GIC Housing Finance,Sep-14,-0.0157,16.60,48.60,4.30,10.80,6.71,6.31,12.83,1.81,8.00,6.80,-0.0221
GIC Housing Finance,Dec-14,0.2757,16.20,47.20,6.20,10.30,6.81,5.53,12.15,1.77,8.00,5.60,0.0121
GIC Housing Finance,Mar-15,-0.1345,15.20,46.80,8.20,10.30,6.81,4.81,10.65,1.60,8.00,4.30,-0.0754
GIC Housing Finance,Jun-15,-0.0151,16.10,52.60,70.60,8.20,8.77,5.49,12.30,1.80,7.50,5.30,-0.0227
GIC Housing Finance,Sep-15,-0.0833,17.10,46.30,17.10,8.20,8.77,5.35,12.19,1.88,7.25,5.40,0.0041
GIC Housing Finance,Dec-15,0.1131,17.40,45.00,21.20,7.00,7.88,6.14,14.18,2.32,6.75,4.40,-0.0292
GIC Housing Finance,Mar-16,0.1169,17.30,43.60,30.50,7.00,7.88,6.07,14.15,2.38,6.75,5.60,0.1574
GIC Housing Finance,Jun-16,0.1948,19.90,57.40,23.40,10.80,9.57,5.09,11.33,1.86,6.75,4.80,0.0178
GIC Housing Finance,Sep-16,0.0793,17.70,44.50,18.90,10.80,8.38,6.61,14.87,2.52,6.50,5.80,-0.0254
GIC Housing Finance,Dec-16,-0.1833,18.20,43.30,19.90,9.90,8.51,9.14,21.51,3.64,6.50,4.40,-0.0242
GIC Housing Finance,Mar-17,0.2592,17.70,42.30,16.20,9.90,8.51,7.73,19.02,3.39,6.25,3.40,0.0406
GIC Housing Finance,Jun-17,0.1352,23.10,69.70,6.90,14.50,9.83,7.03,15.93,2.81,6.25,3.90,-0.0091
GIC Housing Finance,Sep-17,0.0188,19.30,37.90,46.90,14.50,8.80,5.42,12.32,2.27,6.25,1.50,-0.0109
GIC Housing Finance,Dec-17,-0.0441,19.40,42.20,25.30,14.20,8.78,4.56,11.16,1.92,6.00,3.30,0.0082
GIC Housing Finance,Mar-18,-0.0510,19.00,42.50,21.80,14.20,8.78,4.01,7.89,1.38,6.00,5.20,-0.0336
GIC Housing Finance,Jun-18,-0.1885,32.30,250.60,-51.60,33.40,8.93,4.11,8.06,1.17,6.00,4.30,-0.0220
GIC Housing Finance,Sep-18,-0.2845,20.00,52.50,-11.70,18.10,10.08,4.49,8.06,1.23,6.25,4.90,-0.1048
GIC Housing Finance,Dec-18,0.0353,17.00,51.40,-9.70,32.70,9.24,4.03,8.60,1.06,6.50,3.70,0.0111
GIC Housing Finance,Mar-19,0.1442,11.90,43.20,-18.30,32.70,9.24,2.70,6.24,0.61,6.50,2.10,0.1358
Edelweiss Financial,Jun-13,0.0067,6.4,12.6,60.1,-6.8,4.33,1.76,11.16,0.72,6.75,10.06,-0.0688
Edelweiss Financial,Sep-13,-0.0134,7.60,18.30,33.80,4.80,3.89,1.68,10.43,0.72,7.25,11.06,0.0628
Edelweiss Financial,Dec-13,-0.0639,5.80,16.40,17.30,12.80,3.13,3.75,21.76,1.77,7.50,9.84,0.0207
Edelweiss Financial,Mar-14,0.0495,6.40,17.70,22.60,12.80,3.13,2.52,14.69,1.31,7.75,8.60,0.1837
Edelweiss Financial,Jun-14,0.8529,7.20,14.10,5.80,17.60,4.00,2.59,15.48,1.45,8.00,8.20,0.0303
Edelweiss Financial,Sep-14,-0.2349,10.10,18.80,36.60,-1.20,3.97,2.74,16.19,1.72,8.00,6.80,-0.0221
Edelweiss Financial,Dec-14,-0.0200,9.90,16.60,70.00,-5.60,4.35,2.40,14.95,1.61,8.00,5.60,0.0121
Edelweiss Financial,Mar-15,-0.0835,10.00,16.40,54.70,-5.60,4.35,2.19,14.07,1.45,8.00,4.30,-0.0754
Edelweiss Financial,Jun-15,-0.0162,10.40,13.30,54.50,9.40,6.14,2.10,13.71,1.43,7.50,5.30,-0.0227
Edelweiss Financial,Sep-15,-0.1123,10.20,16.60,31.80,15.80,6.72,1.90,12.97,1.38,7.25,5.40,0.0041
Edelweiss Financial,Dec-15,-0.0226,10.00,15.90,25.90,17.30,6.10,2.36,15.16,1.68,6.75,4.40,-0.0292
Edelweiss Financial,Mar-16,0.0816,10.70,16.00,30.80,17.30,6.10,3.29,20.03,2.44,6.75,5.60,0.1574
Edelweiss Financial,Jun-16,0.3161,10.00,6.70,172.60,16.30,6.43,2.58,15.38,2.04,6.75,4.80,0.0178
Edelweiss Financial,Sep-16,0.2224,11.70,18.20,39.80,22.70,6.25,3.84,22.30,3.10,6.50,5.80,-0.0254
Edelweiss Financial,Dec-16,-0.1922,12.00,16.40,46.70,18.20,5.58,4.28,26.14,3.74,6.50,4.40,-0.0242
Edelweiss Financial,Mar-17,0.4389,11.10,16.70,40.70,26.70,6.06,4.55,32.30,5.16,6.25,3.40,0.0406
Edelweiss Financial,Jun-17,0.1420,11.40,7.90,18.80,17.80,6.39,5.12,32.90,5.48,6.25,3.90,-0.0091
Edelweiss Financial,Sep-17,0.3096,15.10,18.10,41.80,11.60,6.39,3.93,24.33,4.39,6.25,1.50,-0.0109
Edelweiss Financial,Dec-17,0.0616,16.00,18.50,28.40,16.90,6.74,5.34,28.86,4.04,6.00,3.30,0.0082
Edelweiss Financial,Mar-18,-0.1372,16.40,19.70,29.00,9.10,6.74,2.84,17.91,2.60,6.00,5.20,-0.0336
Edelweiss Financial,Jun-18,0.0378,11.80,13.60,-24.40,59.00,6.23,2.54,16.16,2.13,6.00,4.30,-0.0220
Edelweiss Financial,Sep-18,-0.3892,13.60,19.40,25.70,54.10,6.22,2.65,17.59,2.33,6.25,4.90,-0.1048
Edelweiss Financial,Dec-18,0.1242,13.60,18.20,31.80,60.30,6.16,2.57,14.64,1.96,6.50,3.70,0.0111
Edelweiss Financial,Mar-19,0.2782,12.20,14.30,31.70,60.30,6.16,1.37,9.46,1.10,6.50,2.10,0.1358
L&T Finance,Jun-13,0.0316,12.2,37.7,7.6,15.1,4.57,8.37,26.16,2.21,6.75,10.06,-0.0688
L&T Finance,Sep-13,0.0529,9.30,38.30,23.50,15.10,4.58,8.00,27.67,2.18,7.25,11.06,0.0628
L&T Finance,Dec-13,-0.0922,9.80,43.20,8.10,29.50,4.94,7.20,23.90,2.19,7.50,9.84,0.0207
L&T Finance,Mar-14,0.0765,6.80,29.90,15.30,29.50,4.94,6.13,20.16,1.94,7.75,8.60,0.1837
L&T Finance,Jun-14,0.1861,11.20,28.20,45.80,6.50,5.29,5.81,19.87,1.81,8.00,8.20,0.0303
L&T Finance,Sep-14,-0.0329,16.80,63.50,19.00,6.50,5.29,5.04,16.31,1.68,8.00,6.80,-0.0221
L&T Finance,Dec-14,-0.0267,10.00,35.50,41.90,17.80,4.94,5.73,20.30,2.10,8.00,5.60,0.0121
L&T Finance,Mar-15,-0.0922,9.40,36.50,35.80,17.80,4.94,5.46,20.88,2.13,8.00,4.30,-0.0754
L&T Finance,Jun-15,0.0460,10.50,28.50,9.00,9.50,5.42,4.72,16.81,2.21,7.50,5.30,-0.0227
L&T Finance,Sep-15,-0.0494,9.80,35.30,21.10,9.50,5.37,4.41,16.11,2.16,7.25,5.40,0.0041
L&T Finance,Dec-15,-0.0224,10.30,35.20,19.60,-11.80,5.14,5.70,22.73,2.48,6.75,4.40,-0.0292
L&T Finance,Mar-16,0.0925,9.60,35.20,20.90,-11.80,5.14,5.88,18.38,2.19,6.75,5.60,0.1574
L&T Finance,Jun-16,0.1165,10.90,26.80,22.40,12.80,6.13,5.61,17.97,2.00,6.75,4.80,0.0178
L&T Finance,Sep-16,0.0691,9.70,35.30,7.80,12.80,6.13,7.92,25.35,2.83,6.50,5.80,-0.0254
L&T Finance,Dec-16,-0.1748,11.40,40.40,0.30,13.30,5.99,10.93,38.19,3.19,6.50,4.40,-0.0242
L&T Finance,Mar-17,0.2573,12.30,44.70,0.70,13.30,5.99,14.54,50.19,4.33,6.25,3.40,0.0406
L&T Finance,Jun-17,0.1285,14.00,51.10,-30.00,9.70,6.51,12.31,40.48,3.85,6.25,3.90,-0.0091
L&T Finance,Sep-17,0.1149,13.50,45.80,14.80,9.70,6.48,11.40,33.73,3.48,6.25,1.50,-0.0109
L&T Finance,Dec-17,-0.1350,15.00,49.50,18.40,16.20,6.42,9.10,27.54,2.30,6.00,3.30,0.0082
L&T Finance,Mar-18,-0.0846,15.40,45.30,40.10,16.20,6.42,6.70,19.56,1.97,6.00,5.20,-0.0336
L&T Finance,Jun-18,-0.1236,8.10,7.90,314.40,44.50,6.48,7.00,17.93,2.50,6.00,4.30,-0.0220
L&T Finance,Sep-18,-0.2616,15.80,43.80,82.30,59.00,5.22,5.85,15.68,2.47,6.25,4.90,-0.1048
L&T Finance,Dec-18,0.2008,17.00,33.40,130.50,38.60,6.92,3.51,12.14,1.71,6.50,3.70,0.0111
L&T Finance,Mar-19,0.1647,18.50,46.90,45.60,38.60,6.92,2.52,8.86,1.23,6.50,2.10,0.1358
Mannapuram Finance,Jun-13,-0.3642,-22.2,-220.1,-86.2,2.6,4.02,1.59,21.36,0.52,6.75,10.06,-0.0688
Mannapuram Finance,Sep-13,0.1381,8.70,22.80,-44.50,2.60,4.03,2.22,35.45,0.72,7.25,11.06,0.0628
Mannapuram Finance,Dec-13,-0.0150,11.20,28.40,-23.40,-4.70,3.37,1.92,9.21,0.79,7.50,9.84,0.0207
Mannapuram Finance,Mar-14,0.0941,11.30,25.80,-0.60,-4.70,3.37,2.35,11.57,0.99,7.75,8.60,0.1837
Mannapuram Finance,Jun-14,0.0607,5.20,10.90,361.00,2.00,3.13,2.72,13.40,1.15,8.00,8.20,0.0303
Mannapuram Finance,Sep-14,0.3154,7.10,18.20,5.00,2.00,3.13,2.58,12.71,1.09,8.00,6.80,-0.0221
Mannapuram Finance,Dec-14,0.0764,7.10,26.50,17.70,2.00,3.13,2.13,9.14,0.90,8.00,5.60,0.0121
Mannapuram Finance,Mar-15,0.0157,7.10,27.80,5.20,5.70,3.25,1.72,7.41,0.77,8.00,4.30,-0.0754
Mannapuram Finance,Jun-15,-0.1861,9.50,21.80,8.20,5.70,3.25,2.08,9.46,0.93,7.50,5.30,-0.0227
Mannapuram Finance,Sep-15,-0.0961,9.50,19.60,24.60,5.70,3.25,2.28,10.36,1.10,7.25,5.40,0.0041
Mannapuram Finance,Dec-15,0.2082,9.50,20.30,7.30,5.70,3.32,4.11,16.94,2.11,6.75,4.40,-0.0292
Mannapuram Finance,Mar-16,0.2220,15.10,26.30,31.80,4.80,3.32,4.85,17.43,2.80,6.75,5.60,0.1574
Mannapuram Finance,Jun-16,0.7450,19.10,28.60,42.40,4.80,3.47,3.03,10.05,1.85,6.75,4.80,0.0178
Mannapuram Finance,Sep-16,0.1294,23.20,33.30,58.80,4.80,3.54,3.99,12.51,2.69,6.50,5.80,-0.0254
Mannapuram Finance,Dec-16,-0.3343,26.40,35.20,76.00,14.90,4.05,3.68,11.35,2.45,6.50,4.40,-0.0242
Mannapuram Finance,Mar-17,0.2353,26.40,34.70,52.80,14.90,4.05,3.43,11.31,2.42,6.25,3.40,0.0406
Mannapuram Finance,Jun-17,0.0557,24.70,30.10,46.10,21.90,3.26,4.31,15.09,2.91,6.25,3.90,-0.0091
Mannapuram Finance,Sep-17,-0.0942,18.00,27.00,19.40,21.90,3.26,3.77,14.00,2.58,6.25,1.50,-0.0109
Mannapuram Finance,Dec-17,0.2340,18.30,27.40,6.90,16.80,3.10,3.47,13.04,2.17,6.00,3.30,0.0082
Mannapuram Finance,Mar-18,-0.0131,19.30,28.20,5.50,16.80,3.10,2.42,9.15,1.59,6.00,5.20,-0.0336
Mannapuram Finance,Jun-18,-0.1911,20.60,28.10,0.70,13.40,3.28,3.00,10.52,1.86,6.00,4.30,-0.0220
Mannapuram Finance,Sep-18,-0.3061,20.70,31.10,10.90,14.10,3.26,3.87,12.89,2.51,6.25,4.90,-0.1048
Mannapuram Finance,Dec-18,0.1637,22.30,31.60,20.50,15.90,3.36,4.10,13.09,2.56,6.50,3.70,0.0111
Mannapuram Finance,Mar-19,0.3709,23.70,33.00,20.70,15.90,3.36,3.97,12.52,2.63,6.50,2.10,0.1358
Mahindra & Mahindra,Jun-13,0.1328,34.60,47.80,26.90,51.10,4.42,7.51,20.07,3.59,6.75,10.06,-0.0688
Mahindra & Mahindra,Sep-13,0.1126,17.80,37.60,23.60,51.09,4.41,5.82,16.46,2.82,7.25,11.06,0.0628
Mahindra & Mahindra,Dec-13,0.1337,19.50,38.10,23.31,47.96,4.93,6.30,17.76,3.00,7.50,9.84,0.0207
Mahindra & Mahindra,Mar-14,0.0476,14.60,32.50,6.32,47.96,4.93,6.17,17.84,2.91,7.75,8.60,0.1837
Mahindra & Mahindra,Jun-14,0.1528,26.20,41.50,11.85,15.59,4.89,7.38,21.75,3.27,8.00,8.20,0.0303
Mahindra & Mahindra,Sep-14,0.1520,12.90,32.70,-4.01,15.59,4.89,5.72,17.20,2.52,8.00,6.80,-0.0221
Mahindra & Mahindra,Dec-14,0.1210,16.10,35.00,2.82,12.88,5.06,6.10,18.48,2.66,8.00,5.60,0.0121
Mahindra & Mahindra,Mar-15,-0.0012,11.20,28.60,-2.49,12.88,5.06,5.30,16.91,2.27,8.00,4.30,-0.0754
Mahindra & Mahindra,Jun-15,0.0389,25.40,40.80,11.03,12.26,4.93,5.47,18.39,2.20,7.50,5.30,-0.0227
Mahindra & Mahindra,Sep-15,-0.0655,7.30,22.60,-8.44,12.26,4.93,5.61,20.01,2.22,7.25,5.40,0.0041
Mahindra & Mahindra,Dec-15,0.0643,10.40,27.20,-7.87,9.63,5.22,7.10,25.36,2.92,6.75,4.40,-0.0292
Mahindra & Mahindra,Mar-16,0.1797,6.40,19.20,-8.44,9.63,5.22,7.51,27.64,3.18,6.75,5.60,0.1574
Mahindra & Mahindra,Jun-16,0.1293,26.10,37.70,21.35,8.86,5.28,5.51,21.63,2.29,6.75,4.80,0.0178
Mahindra & Mahindra,Sep-16,0.1241,6.70,19.30,17.30,8.86,5.28,6.51,28.50,2.66,6.50,5.80,-0.0254
Mahindra & Mahindra,Dec-16,-0.2429,7.10,18.30,8.18,7.23,5.80,7.39,38.79,2.80,6.50,4.40,-0.0242
Mahindra & Mahindra,Mar-17,0.1923,0.90,2.50,-7.89,7.23,5.80,8.77,51.42,3.35,6.25,3.40,0.0406
Mahindra & Mahindra,Jun-17,0.0228,16.60,28.60,-10.80,7.59,5.85,10.76,60.52,3.85,6.25,3.90,-0.0091
Mahindra & Mahindra,Sep-17,0.0283,3.40,10.20,3.08,7.59,5.87,8.56,34.90,3.77,6.25,1.50,-0.0109
Mahindra & Mahindra,Dec-17,0.0976,6.00,15.00,7.21,4.05,6.35,7.63,27.91,2.81,6.00,3.30,0.0082
Mahindra & Mahindra,Mar-18,-0.0011,21.10,33.60,135.12,4.05,6.35,6.46,23.79,2.48,6.00,5.20,-0.0336
Mahindra & Mahindra,Jun-18,-0.1063,24.00,33.50,53.39,42.46,4.72,7.68,28.30,2.95,6.00,4.30,-0.0220
Mahindra & Mahindra,Sep-18,-0.2313,12.90,23.50,134.49,41.59,4.20,6.80,25.04,2.61,6.25,4.90,-0.1048
Mahindra & Mahindra,Dec-18,0.1658,12.90,29.00,119.29,41.59,4.20,3.95,13.79,2.12,6.50,3.70,0.0111
Mahindra & Mahindra,Mar-19,0.0483,12.95,25.70,42.98,13.65,4.69,3.21,13.17,1.79,6.50,2.10,0.1358
IIFL Finance,Jun-13,-0.1613,17.20,16.60,9.90,11.70,4.89,1.04,5.51,0.87,6.75,10.06,-0.0688
IIFL Finance,Sep-13,-0.0473,13.00,15.50,4.30,11.70,4.86,1.38,6.85,1.09,7.25,11.06,0.0628
IIFL Finance,Dec-13,0.1106,13.30,16.70,-12.50,12.20,4.86,2.28,14.76,1.63,7.50,9.84,0.0207
IIFL Finance,Mar-14,0.2092,13.20,17.30,-17.80,12.20,4.86,2.63,14.06,2.07,7.75,8.60,0.1837
IIFL Finance,Jun-14,0.5863,16.00,17.10,-2.20,9.90,4.87,2.80,14.46,2.26,8.00,8.20,0.0303
IIFL Finance,Sep-14,0.1124,17.70,20.20,13.80,9.90,4.87,2.72,13.85,2.36,8.00,6.80,-0.0221
IIFL Finance,Dec-14,0.0061,18.20,18.80,29.40,8.00,5.42,2.43,12.77,2.05,8.00,5.60,0.0121
IIFL Finance,Mar-15,-0.0006,20.80,20.50,41.50,8.00,5.42,2.65,11.40,2.30,8.00,4.30,-0.0754
IIFL Finance,Jun-15,-0.0011,22.10,21.90,26.00,18.90,5.26,2.87,12.19,2.36,7.50,5.30,-0.0227
IIFL Finance,Sep-15,-0.0396,16.80,19.30,20.10,18.90,5.26,2.72,11.58,2.28,7.25,5.40,0.0041
IIFL Finance,Dec-15,0.0917,21.50,25.10,11.60,22.00,5.19,3.06,14.55,2.39,6.75,4.40,-0.0292
IIFL Finance,Mar-16,-0.0094,17.70,22.50,2.50,23.90,4.78,3.68,16.81,2.95,6.75,5.60,0.1574
IIFL Finance,Jun-16,0.0234,16.60,21.70,19.80,14.20,4.08,3.41,15.24,1.99,6.75,4.80,0.0178
IIFL Finance,Sep-16,0.0288,15.40,24.00,2.90,14.20,4.08,4.84,21.47,3.04,6.50,5.80,-0.0254
IIFL Finance,Dec-16,-0.2045,17.70,27.50,5.00,47.70,4.05,7.01,30.81,4.41,6.50,4.40,-0.0242
IIFL Finance,Mar-17,0.3635,16.90,24.10,32.10,47.70,4.05,6.49,28.33,4.41,6.25,3.40,0.0406
IIFL Finance,Jun-17,0.2464,17.20,24.00,32.10,30.70,4.44,6.64,29.62,4.48,6.25,3.90,-0.0091
IIFL Finance,Sep-17,0.0172,17.90,25.90,33.40,50.10,4.44,6.63,29.72,4.74,6.25,1.50,-0.0109
IIFL Finance,Dec-17,0.0992,19.80,27.10,27.00,13.60,4.77,13.00,67.42,4.21,6.00,3.30,0.0082
IIFL Finance,Mar-18,-0.0156,19.70,26.40,20.30,13.60,4.77,8.56,42.60,3.20,6.00,5.20,-0.0336
IIFL Finance,Jun-18,-0.1238,10.80,52.00,20.30,15.60,5.18,7.03,33.43,2.83,6.00,4.30,-0.0220
IIFL Finance,Sep-18,-0.2433,21.00,26.10,33.40,15.60,5.02,5.50,29.68,2.45,6.25,4.90,-0.1048
IIFL Finance,Dec-18,0.0973,17.20,21.90,25.10,19.00,4.94,1.81,8.74,1.25,6.50,3.70,0.0111
IIFL Finance,Mar-19,-0.0234,11.80,19.10,-1.60,19.00,4.94,1.57,8.03,1.10,6.50,2.10,0.1358
DCB Bank,Jun-13,0.0117,17.10,28.00,34.20,16.40,1.52,3.14,15.83,1.26,6.75,10.06,-0.0688
DCB Bank,Sep-13,0.0065,17.10,35.80,40.00,16.45,1.52,3.38,16.80,1.42,7.25,11.06,0.0628
DCB Bank,Dec-13,0.0694,12.70,29.70,23.75,16.45,0.78,4.41,22.12,1.80,7.50,9.84,0.0207
DCB Bank,Mar-14,0.2008,13.50,31.10,21.61,15.75,0.78,4.20,20.40,1.82,7.75,8.60,0.1837
DCB Bank,Jun-14,0.3667,14.00,31.90,15.80,15.04,0.75,6.42,27.39,2.45,8.00,8.20,0.0303
DCB Bank,Sep-14,0.0224,15.50,29.70,25.74,15.04,0.75,5.53,24.13,2.25,8.00,6.80,-0.0221
DCB Bank,Dec-14,0.3275,13.80,29.20,26.35,14.50,0.55,6.10,27.25,2.31,8.00,5.60,0.0121
DCB Bank,Mar-15,-0.0605,13.80,28.10,29.67,14.50,0.55,6.34,29.04,2.54,8.00,4.30,-0.0754
DCB Bank,Jun-15,0.0651,17.80,39.00,31.97,37.66,0.73,3.43,16.29,1.38,7.50,5.30,-0.0227
DCB Bank,Sep-15,0.0880,11.80,25.30,23.20,37.66,0.73,3.17,14.97,1.34,7.25,5.40,0.0041
DCB Bank,Dec-15,-0.0565,9.00,20.90,25.63,35.89,0.50,3.68,17.12,1.54,6.75,4.40,-0.0292
DCB Bank,Mar-16,0.0077,9.80,22.10,23.26,35.89,0.50,4.55,21.98,1.99,6.75,5.60,0.1574
DCB Bank,Jun-16,0.0345,16.00,34.30,25.59,12.82,0.64,3.70,17.77,1.62,6.75,4.80,0.0178
DCB Bank,Sep-16,0.1322,10.50,21.70,16.80,12.82,0.64,5.47,26.61,2.56,6.50,5.80,-0.0254
DCB Bank,Dec-16,-0.1807,10.50,21.50,27.39,12.57,0.65,6.53,30.09,2.57,6.50,4.40,-0.0242
DCB Bank,Mar-17,0.4434,10.90,21.10,30.19,12.57,0.65,5.58,25.58,2.35,6.25,3.40,0.0406
DCB Bank,Jun-17,0.0829,10.30,21.20,22.88,23.03,0.58,5.70,26.60,2.25,6.25,3.90,-0.0091
DCB Bank,Sep-17,-0.0711,11.80,23.00,30.83,23.03,0.58,4.49,21.76,1.86,6.25,1.50,-0.0109
DCB Bank,Dec-17,0.1014,9.60,20.80,25.59,42.11,0.53,4.35,21.30,1.81,6.00,3.30,0.0082
DCB Bank,Mar-18,-0.0749,8.50,19.60,19.79,42.11,0.53,3.79,18.90,1.62,6.00,5.20,-0.0336
DCB Bank,Jun-18,-0.1581,9.40,20.70,24.24,27.35,0.69,4.13,20.22,1.75,6.00,4.30,-0.0220
DCB Bank,Sep-18,-0.1190,9.90,21.50,13.81,27.35,0.69,4.86,22.40,2.16,6.25,4.90,-0.1048
DCB Bank,Dec-18,0.0658,10.20,22.70,14.23,9.16,0.69,5.40,23.53,2.36,6.50,3.70,0.0111
DCB Bank,Mar-19,0.1457,11.80,24.70,19.51,9.16,0.69,4.36,18.74,1.94,6.50,2.10,0.1358
Poonawala Fincorp,Jun-13,0.0579,12.10,9.10,112.70,26.90,6.46,1.68,10.27,0.81,6.75,10.06,-0.0688
Poonawala Fincorp,Sep-13,-0.1820,11.20,26.30,33.30,26.90,6.46,1.71,11.29,0.83,7.25,11.06,0.0628
Poonawala Fincorp,Dec-13,-0.0888,7.90,20.50,8.00,17.60,5.60,2.67,18.13,1.16,7.50,9.84,0.0207
Poonawala Fincorp,Mar-14,0.0476,8.80,22.30,5.50,17.60,5.60,2.09,20.84,1.50,7.75,8.60,0.1837
Poonawala Fincorp,Jun-14,0.3177,11.00,7.20,21.50,7.60,6.06,1.76,17.32,1.14,8.00,8.20,0.0303
Poonawala Fincorp,Sep-14,0.1942,10.90,21.50,21.40,7.60,6.06,1.55,14.77,1.05,8.00,6.80,-0.0221
Poonawala Fincorp,Dec-14,-0.1359,9.80,20.30,34.60,7.10,5.55,2.44,13.88,1.20,8.00,5.60,0.0121
Poonawala Fincorp,Mar-15,-0.0714,10.20,19.90,39.80,7.10,5.55,1.57,12.34,0.99,8.00,4.30,-0.0754
Poonawala Fincorp,Jun-15,-0.0120,12.10,7.90,12.20,10.10,6.41,1.65,12.30,0.93,7.50,5.30,-0.0227
Poonawala Fincorp,Sep-15,-0.0507,10.20,21.10,6.20,10.10,6.41,1.34,9.65,0.76,7.25,5.40,0.0041
Poonawala Fincorp,Dec-15,0.0173,9.30,21.50,11.90,35.60,4.21,1.84,13.42,1.20,6.75,4.40,-0.0292
Poonawala Fincorp,Mar-16,-0.0040,8.80,22.90,3.40,35.60,4.21,1.74,12.35,1.13,6.75,5.60,0.1574
Poonawala Fincorp,Jun-16,0.1998,11.50,8.90,11.50,30.00,5.39,1.72,11.91,1.06,6.75,4.80,0.0178
Poonawala Fincorp,Sep-16,-0.0328,8.60,22.30,-1.90,30.00,5.39,1.85,13.15,1.12,6.50,5.80,-0.0254
Poonawala Fincorp,Dec-16,-0.1218,9.00,23.50,-4.80,-3.80,3.96,6.28,104.42,1.77,6.50,4.40,-0.0242
Poonawala Fincorp,Mar-17,0.0830,6.40,18.30,-10.70,-3.80,3.96,6.51,102.89,1.86,6.25,3.40,0.0406
Poonawala Fincorp,Jun-17,0.3927,-21.70,-29.80,-47.70,1.00,4.58,3.68,83.45,1.69,6.25,3.90,-0.0091
Poonawala Fincorp,Sep-17,0.0080,8.20,20.80,3.60,1.00,3.89,3.30,53.30,1.60,6.25,1.50,-0.0109
Poonawala Fincorp,Dec-17,-0.0788,8.80,21.30,6.40,-0.30,3.68,4.55,19.45,1.89,6.00,3.30,0.0082
Poonawala Fincorp,Mar-18,-0.0350,11.50,25.20,26.70,0.50,3.72,2.05,11.09,1.18,6.00,5.20,-0.0336
Poonawala Fincorp,Jun-18,-0.0508,12.50,10.00,83.90,6.80,4.24,1.99,10.73,1.15,6.00,4.30,-0.0220
Poonawala Fincorp,Sep-18,-0.2453,11.70,28.80,8.80,6.80,4.24,1.94,10.43,1.23,6.25,4.90,-0.1048
Poonawala Fincorp,Dec-18,0.0329,12.50,21.90,53.00,15.00,4.67,2.52,12.63,1.28,6.50,3.70,0.0111
Poonawala Fincorp,Mar-19,0.2149,11.50,25.90,10.50,14.10,4.67,1.04,12.63,1.28,6.50,2.10,0.1358
City Union Bank,Jun-13,-0.0128,21.70,39.20,31.90,32.00,0.29,3.40,10.25,1.44,6.75,10.06,-0.0688
City Union Bank,Sep-13,-0.0984,22.00,36.00,37.07,31.98,0.29,3.41,10.75,1.49,7.25,11.06,0.0628
City Union Bank,Dec-13,0.0770,18.80,51.60,-12.12,38.78,0.32,4.58,15.23,2.02,7.50,9.84,0.0207
City Union Bank,Mar-14,0.1026,18.30,38.20,17.66,38.78,0.32,5.65,18.39,2.30,7.75,8.60,0.1837
City Union Bank,Jun-14,0.3214,16.80,37.10,6.84,23.42,0.15,5.70,17.86,2.18,8.00,8.20,0.0303
City Union Bank,Sep-14,0.1725,19.70,39.10,1.62,23.42,0.15,5.55,17.47,2.24,8.00,6.80,-0.0221
City Union Bank,Dec-14,0.0991,16.30,38.80,47.96,32.20,0.14,5.84,18.83,2.23,8.00,5.60,0.0121
City Union Bank,Mar-15,0.0407,16.00,36.60,20.25,32.20,0.14,5.19,16.77,2.03,8.00,4.30,-0.0754
City Union Bank,Jun-15,0.0739,15.10,39.30,12.23,33.12,0.06,5.00,15.96,1.88,7.50,5.30,-0.0227
City Union Bank,Sep-15,-0.0867,16.60,39.40,11.26,33.12,0.06,5.10,16.66,1.94,7.25,5.40,0.0041
City Union Bank,Dec-15,0.0229,15.40,37.90,17.79,13.69,0.05,6.00,18.91,2.28,6.75,4.40,-0.0292
City Union Bank,Mar-16,0.1919,15.50,38.80,3.88,13.69,0.05,6.59,20.83,2.58,6.75,5.60,0.1574
City Union Bank,Jun-16,0.2435,15.00,37.30,19.40,13.22,0.22,6.20,19.80,2.34,6.75,4.80,0.0178
City Union Bank,Sep-16,0.0135,16.20,38.60,13.04,13.22,0.04,6.90,21.65,2.74,6.50,5.80,-0.0254
City Union Bank,Dec-16,-0.1203,15.60,36.60,18.83,13.02,0.02,7.71,24.98,2.98,6.50,4.40,-0.0242
City Union Bank,Mar-17,0.0191,15.40,35.40,22.82,13.02,0.02,7.56,24.01,3.00,6.25,3.40,0.0406
City Union Bank,Jun-17,0.0748,15.00,35.30,21.35,16.98,0.15,8.15,25.72,3.05,6.25,3.90,-0.0091
City Union Bank,Sep-17,-0.0839,15.70,38.90,12.70,16.98,0.15,7.61,23.80,2.93,6.25,1.50,-0.0109
City Union Bank,Dec-17,0.0965,15.60,38.00,12.53,16.59,0.18,7.94,24.15,2.94,6.00,3.30,0.0082
City Union Bank,Mar-18,0.0802,16.10,38.60,12.11,16.59,0.18,8.09,24.33,3.13,6.00,5.20,-0.0336
City Union Bank,Jun-18,0.0003,15.20,37.90,9.99,16.61,0.42,8.18,24.59,3.06,6.00,4.30,-0.0220
City Union Bank,Sep-18,0.0371,15.50,37.90,18.02,16.61,0.42,8.64,26.30,3.34,6.25,4.90,-0.1048
City Union Bank,Dec-18,0.1613,15.60,37.40,17.81,16.23,0.23,8.85,27.16,3.30,6.50,3.70,0.0111
City Union Bank,Mar-19,0.0697,15.90,38.80,14.46,16.23,0.23,8.69,27.50,3.31,6.50,2.10,0.1358
Cholamandalam Investment,Jun-13,-0.0904,19.90,29.90,163.00,32.20,8.16,3.61,13.23,2.33,6.75,10.06,-0.0688
Cholamandalam Investment,Sep-13,0.0148,18.90,31.00,27.00,39.10,7.82,3.40,12.15,1.91,7.25,11.06,0.0628
Cholamandalam Investment,Dec-13,0.0850,17.70,31.50,-6.65,39.96,8.53,4.52,16.02,2.42,7.50,9.84,0.0207
Cholamandalam Investment,Mar-14,0.1743,17.20,30.20,21.58,39.96,8.53,5.73,20.44,3.11,7.75,8.60,0.1837
Cholamandalam Investment,Jun-14,0.3473,16.60,27.90,-7.29,17.12,7.90,5.26,19.10,2.73,8.00,8.20,0.0303
Cholamandalam Investment,Sep-14,0.2028,16.70,29.90,7.72,17.12,7.90,6.22,22.67,3.39,8.00,6.80,-0.0221
Cholamandalam Investment,Dec-14,-0.0308,15.00,29.10,18.34,15.14,6.68,6.34,22.02,2.89,8.00,5.60,0.0121
Cholamandalam Investment,Mar-15,0.1045,15.10,30.40,20.72,15.14,6.68,6.69,21.80,3.48,8.00,4.30,-0.0754
Cholamandalam Investment,Jun-15,0.0574,17.70,33.20,24.22,16.95,6.13,6.39,20.63,2.81,7.50,5.30,-0.0227
Cholamandalam Investment,Sep-15,-0.0673,14.00,28.60,21.53,16.95,6.13,6.85,21.67,3.12,7.25,5.40,0.0041
Cholamandalam Investment,Dec-15,0.0412,14.80,30.60,16.62,37.02,6.05,8.24,24.59,4.03,6.75,4.40,-0.0292
Cholamandalam Investment,Mar-16,0.1359,17.40,33.40,19.20,37.02,6.05,9.65,28.40,5.00,6.75,5.60,0.1574
Cholamandalam Investment,Jun-16,0.1962,21.90,33.70,40.03,37.22,6.14,7.29,21.51,3.69,6.75,4.80,0.0178
Cholamandalam Investment,Sep-16,0.0757,18.20,34.30,25.39,37.22,6.14,7.17,21.39,3.76,6.50,5.80,-0.0254
Cholamandalam Investment,Dec-16,-0.2028,17.40,32.20,31.12,17.61,6.18,8.09,25.23,4.04,6.50,4.40,-0.0242
Cholamandalam Investment,Mar-17,-0.0669,16.30,31.50,17.16,17.61,6.18,7.47,23.27,3.94,6.25,3.40,0.0406
Cholamandalam Investment,Jun-17,0.0074,21.20,35.00,9.87,17.12,5.62,8.31,25.68,4.33,6.25,3.90,-0.0091
Cholamandalam Investment,Sep-17,-0.0884,19.10,34.10,24.92,17.88,5.61,8.58,26.10,4.85,6.25,1.50,-0.0109
Cholamandalam Investment,Dec-17,0.1336,20.30,33.90,29.22,16.70,5.74,8.31,25.48,4.58,6.00,3.30,0.0082
Cholamandalam Investment,Mar-18,0.1399,21.40,34.50,39.67,16.70,5.74,6.39,19.69,3.54,6.00,5.20,-0.0336
Cholamandalam Investment,Jun-18,-0.1300,23.50,33.90,34.95,20.16,6.19,6.82,21.02,3.78,6.00,4.30,-0.0220
Cholamandalam Investment,Sep-18,-0.1797,21.80,33.20,39.36,18.48,7.49,7.91,24.38,4.38,6.25,4.90,-0.1048
Cholamandalam Investment,Dec-18,-0.0067,21.80,35.10,26.50,18.48,7.49,6.39,19.76,3.60,6.50,3.70,0.0111
Cholamandalam Investment,Mar-19,0.2420,22.13,35.10,25.63,20.22,8.15,6.63,20.63,3.87,6.50,2.10,0.1358
Motilal Oswal,Jun-13,-0.0275,12.2,26.2,-3.9,6.7,0,2.74,15.43,0.97,6.75,10.06,-0.0688
Motilal Oswal,Sep-13,-0.1013,6.15,17.23,3.46,7.21,0.00,2.71,15.57,0.97,7.25,11.06,0.0628
Motilal Oswal,Dec-13,0.3261,2.12,4.92,7.04,3.30,0.00,6.24,39.50,2.37,7.50,9.84,0.0207
Motilal Oswal,Mar-14,0.1259,1.41,3.15,1.51,3.30,0.00,6.25,37.39,2.64,7.75,8.60,0.1837
Motilal Oswal,Jun-14,0.9828,4.10,9.63,-12.02,1.28,0.00,6.08,38.04,2.72,8.00,8.20,0.0303
Motilal Oswal,Sep-14,0.0049,11.06,20.23,47.85,1.28,0.00,6.26,38.54,3.08,8.00,6.80,-0.0221
Motilal Oswal,Dec-14,0.1861,11.00,18.71,52.62,2.37,0.23,5.73,34.19,3.21,8.00,5.60,0.0121
Motilal Oswal,Mar-15,-0.1111,11.63,20.17,57.95,2.37,0.23,5.42,36.27,3.17,8.00,4.30,-0.0754
Motilal Oswal,Jun-15,0.0012,13.54,19.08,82.42,3.11,0.65,5.84,39.60,3.41,7.50,5.30,-0.0227
Motilal Oswal,Sep-15,-0.1762,8.88,15.29,17.04,3.11,0.65,4.46,29.09,2.79,7.25,5.40,0.0041
Motilal Oswal,Dec-15,-0.0047,13.01,19.53,27.43,7.90,1.12,5.44,35.20,3.46,6.75,4.40,-0.0292
Motilal Oswal,Mar-16,-0.0419,14.53,21.26,32.43,7.90,1.12,6.79,38.78,4.69,6.75,5.60,0.1574
Motilal Oswal,Jun-16,0.1943,13.42,17.88,17.26,10.79,1.90,6.79,37.71,4.56,6.75,4.80,0.0178
Motilal Oswal,Sep-16,-0.0087,22.44,29.57,44.20,10.79,1.90,9.06,45.31,6.37,6.50,5.80,-0.0254
Motilal Oswal,Dec-16,-0.0896,27.71,31.51,44.94,14.58,2.58,12.14,61.45,9.21,6.50,4.40,-0.0242
Motilal Oswal,Mar-17,0.3026,21.65,30.39,24.38,14.58,2.58,12.09,62.17,10.41,6.25,3.40,0.0406
Motilal Oswal,Jun-17,0.3686,21.02,16.46,107.52,17.45,2.79,12.95,66.69,10.80,6.25,3.90,-0.0091
Motilal Oswal,Sep-17,0.2052,22.61,22.92,65.53,17.44,2.79,7.48,38.16,7.25,6.25,1.50,-0.0109
Motilal Oswal,Dec-17,0.0943,31.40,24.80,79.91,19.92,2.23,4.95,24.03,5.00,6.00,3.30,0.0082
Motilal Oswal,Mar-18,-0.2105,29.25,24.70,104.44,19.92,2.23,4.21,21.57,4.34,6.00,5.20,-0.0336
Motilal Oswal,Jun-18,-0.2096,37.10,37.27,12.14,41.74,1.85,4.57,21.57,4.34,6.00,4.30,-0.0220
Motilal Oswal,Sep-18,-0.2675,18.28,20.12,16.43,25.10,1.88,4.39,103.75,3.45,6.25,4.90,-0.1048
Motilal Oswal,Dec-18,0.0857,0.68,0.76,-4.79,35.64,1.46,5.23,43.69,3.45,6.50,3.70,0.0111
Motilal Oswal,Mar-19,-0.0438,5.27,7.64,-12.85,35.64,1.46,4.84,37.49,3.09,6.50,2.10,0.1358
SREI Infrastructure,Jun-13,-0.2517,8.1,14.8,-1.5,6.9,5.34,1.31,7.21,0.34,6.75,10.06,-0.0688
SREI Infrastructure,Sep-13,-0.0974,5.50,21.20,9.00,6.90,5.34,1.27,8.39,0.39,7.25,11.06,0.0628
SREI Infrastructure,Dec-13,0.1687,4.60,14.20,10.70,5.40,5.55,3.25,18.06,0.78,7.50,9.84,0.0207
SREI Infrastructure,Mar-14,0.2911,5.40,23.40,-9.40,3.70,5.55,2.17,15.19,0.68,7.75,8.60,0.1837
SREI Infrastructure,Jun-14,0.5284,0.40,1.00,-18.20,2.90,5.61,2.38,15.71,0.66,8.00,8.20,0.0303
SREI Infrastructure,Sep-14,0.0262,7.10,19.50,47.60,2.90,5.61,2.15,16.47,0.59,8.00,6.80,-0.0221
SREI Infrastructure,Dec-14,-0.0032,3.00,14.90,-35.00,3.00,5.00,1.57,13.81,0.49,8.00,5.60,0.0121
SREI Infrastructure,Mar-15,-0.0749,2.30,12.80,-6.80,3.00,5.00,2.07,24.06,0.62,8.00,4.30,-0.0754
SREI Infrastructure,Jun-15,-0.1008,1.40,2.70,39.60,2.50,5.65,2.69,39.33,0.77,7.50,5.30,-0.0227
SREI Infrastructure,Sep-15,0.1735,2.30,14.60,-51.40,2.50,5.65,2.75,41.34,0.76,7.25,5.40,0.0041
SREI Infrastructure,Dec-15,0.2367,0.90,7.30,-16.00,0.80,5.11,5.43,46.81,0.99,6.75,4.40,-0.0292
SREI Infrastructure,Mar-16,-0.1050,1.70,11.20,-16.60,0.80,5.11,3.59,38.38,0.95,6.75,5.60,0.1574
SREI Infrastructure,Jun-16,0.2111,1.90,4.60,-16.30,1.10,5.70,3.34,28.21,0.78,6.75,4.80,0.0178
SREI Infrastructure,Sep-16,-0.0668,5.60,23.40,37.80,1.10,5.70,3.20,23.89,0.88,6.50,5.80,-0.0254
SREI Infrastructure,Dec-16,0.0364,5.90,19.30,102.50,31.90,4.62,4.72,27.17,1.19,6.50,4.40,-0.0242
SREI Infrastructure,Mar-17,-0.0391,5.60,18.90,131.70,31.90,4.62,3.61,20.60,1.04,6.25,3.40,0.0406
SREI Infrastructure,Jun-17,0.2682,5.20,10.30,36.50,35.70,5.33,2.79,18.04,1.00,6.25,3.90,-0.0091
SREI Infrastructure,Sep-17,-0.1239,6.20,18.70,85.00,35.70,4.78,1.89,11.78,0.73,6.25,1.50,-0.0109
SREI Infrastructure,Dec-17,-0.1282,6.90,19.60,37.00,5.70,5.98,1.37,8.54,0.59,6.00,3.30,0.0082
SREI Infrastructure,Mar-18,-0.2171,8.30,20.20,46.50,5.70,5.98,0.67,3.84,0.31,6.00,5.20,-0.0336
SREI Infrastructure,Jun-18,-0.2728,9.90,10.50,71.40,-22.60,8.83,0.72,3.95,0.46,6.00,4.30,-0.0220
SREI Infrastructure,Sep-18,-0.3901,10.60,25.60,33.80,7.10,6.25,0.60,3.39,0.38,6.25,4.90,-0.1048
SREI Infrastructure,Dec-18,0.1014,9.70,17.00,48.20,-22.80,9.33,0.32,2.18,0.22,6.50,3.70,0.0111
SREI Infrastructure,Mar-19,0.0169,9.40,11.20,57.40,-22.80,9.33,0.16,1.10,0.11,6.50,2.10,0.1358
SBI,Jun-13,-0.1326,12.50,19.50,-22.70,17.70,1.58,1.54,9.11,0.89,6.75,10.06,-0.0688
SBI,Sep-13,-0.0500,13.51,21.38,10.57,23.92,1.54,1.78,11.11,0.96,7.25,11.06,0.0628
SBI,Dec-13,-0.0120,9.33,16.58,-10.14,17.18,1.61,2.37,14.48,1.36,7.50,9.84,0.0207
SBI,Mar-14,0.2666,8.36,12.77,9.11,12.40,1.63,2.06,13.05,1.20,7.75,8.60,0.1837
SBI,Jun-14,0.2979,11.21,16.64,21.85,17.87,1.47,2.52,16.02,1.49,8.00,8.20,0.0303
SBI,Sep-14,0.0022,12.04,18.50,19.63,15.56,1.44,2.11,13.50,1.24,8.00,6.80,-0.0221
SBI,Dec-14,0.1548,10.42,18.00,20.64,14.71,1.39,1.98,16.40,2.66,8.00,5.60,0.0121
SBI,Mar-15,-0.1390,9.67,15.73,9.51,17.10,1.32,1.83,11.43,1.06,8.00,4.30,-0.0754
SBI,Jun-15,-0.0298,12.15,16.57,18.89,9.51,1.47,1.72,10.01,0.95,7.50,5.30,-0.0227
SBI,Sep-15,-0.1050,11.48,20.80,-5.76,11.76,1.38,1.54,10.02,0.84,7.25,5.40,0.0041
SBI,Dec-15,-0.0514,11.46,19.83,12.60,15.46,1.37,1.85,15.62,0.93,6.75,4.40,-0.0292
SBI,Mar-16,0.0781,3.10,5.96,-13.24,13.15,1.35,2.19,25.69,0.91,6.75,5.60,0.1574
SBI,Jun-16,0.1670,3.12,5.35,-16.91,11.90,1.93,2.30,67.93,0.80,6.75,4.80,0.0178
SBI,Sep-16,0.1028,1.84,5.25,-12.11,25.91,1.12,2.63,66.21,1.05,6.50,5.80,-0.0254
SBI,Dec-16,-0.0198,-0.04,0.10,-16.17,19.34,1.19,2.68,191.97,1.00,6.50,4.40,-0.0242
SBI,Mar-17,0.1319,4.12,8.48,20.17,19.93,1.28,2.37,74.54,0.87,6.25,3.40,0.0406
SBI,Jun-17,-0.0534,-5.91,-13.64,-7.21,20.27,1.50,2.95,74.54,1.12,6.25,3.90,-0.0091
SBI,Sep-17,-0.1881,5.47,12.51,21.65,11.84,1.00,2.57,95.04,0.94,6.25,1.50,-0.0109
SBI,Dec-17,0.0137,3.36,9.62,-9.29,12.21,1.03,2.76,95.04,1.00,6.00,3.30,0.0082
SBI,Mar-18,-0.1974,-2.78,-10.09,-26.32,4.57,1.16,3.04,95.04,1.04,6.00,5.20,-0.0336
SBI,Jun-18,0.0552,-12.55,-34.53,0.01,6.05,1.57,3.01,95.04,1.14,6.00,4.30,-0.0220
SBI,Sep-18,-0.0951,-6.81,-23.22,-24.80,-5.26,1.17,2.68,135.02,1.23,6.25,4.90,-0.1048
SBI,Dec-18,0.0588,1.40,2.00,50.28,-5.13,1.45,2.69,135.02,1.37,6.50,3.70,0.0111
SBI,Mar-19,0.0977,8.39,12.36,103.77,1.89,1.61,1.78,25.33,1.02,6.50,2.10,0.1358